Workbook

Sheet Kapa Stationen
A1: ONS | B1: PV-Leistung an ONS | C1: Installierte Trafoleistung | D1: Übrige Trafokapazität | E1: Übrige Trafokapazität bei Gleichzeitigkeitsfaktor 0,7 | F1: Umspannwerk | G1: X-Koordinate | H1: Y-Koordinate | I1: Breitengrad | J1: Längengrad
A2: 01TS0257 | B2: 154.11975 | C2: 400 | D2: 245.88025 | E2: 292.11617 | F2: UW_ROMER | G2: =VLOOKUP(A2,Tabelle1!A:F,3,FALSE) -> 514715.05 | H2: =VLOOKUP(A2,Tabelle1!A:F,4,FALSE) -> 5445929.3 | I2: =VLOOKUP(A2,Tabelle1!A:F,5,FALSE) -> 9.201855 | J2: =VLOOKUP(A2,Tabelle1!A:F,6,FALSE) -> 49.166002
A3: 01TS0334 | B3: 154.98975 | C3: #N/A | D3: #N/A | E3: #N/A | F3: #N/A | G3: =VLOOKUP(A3,Tabelle1!A:F,3,FALSE) -> 514387.05 | H3: =VLOOKUP(A3,Tabelle1!A:F,4,FALSE) -> 5445858.8 | I3: =VLOOKUP(A3,Tabelle1!A:F,5,FALSE) -> 9.1973531 | J3: =VLOOKUP(A3,Tabelle1!A:F,6,FALSE) -> 49.165376
A4: 01TS0795 | B4: 144.29475 | C4: 630 | D4: 485.70525 | E4: 528.99367 | F4: UW_ROMER | G4: =VLOOKUP(A4,Tabelle1!A:F,3,FALSE) -> 514682.96 | H4: =VLOOKUP(A4,Tabelle1!A:F,4,FALSE) -> 5445372.5 | I4: =VLOOKUP(A4,Tabelle1!A:F,5,FALSE) -> 9.2013945 | J4: =VLOOKUP(A4,Tabelle1!A:F,6,FALSE) -> 49.160994
A5: 01TS0798 | B5: 181.01475 | C5: 400 | D5: 218.98525 | E5: 273.28967 | F5: UW_ROMER | G5: =VLOOKUP(A5,Tabelle1!A:F,3,FALSE) -> 514749.37 | H5: =VLOOKUP(A5,Tabelle1!A:F,4,FALSE) -> 5445697.8 | I5: =VLOOKUP(A5,Tabelle1!A:F,5,FALSE) -> 9.2023173 | J5: =VLOOKUP(A5,Tabelle1!A:F,6,FALSE) -> 49.163918
A6: 01TS0163 | B6: 166.79 | C6: 715 | D6: 548.21 | E6: 598.247 | F6: UW_BOEKI | G6: =VLOOKUP(A6,Tabelle1!A:F,3,FALSE) -> 513126.86 | H6: =VLOOKUP(A6,Tabelle1!A:F,4,FALSE) -> 5444023.1 | I6: =VLOOKUP(A6,Tabelle1!A:F,5,FALSE) -> 9.1800068 | J6: =VLOOKUP(A6,Tabelle1!A:F,6,FALSE) -> 49.148891
A7: 01TS0372 | B7: 241.86 | C7: 400 | D7: 158.14 | E7: 230.698 | F7: UW_BOEKI | G7: =VLOOKUP(A7,Tabelle1!A:F,3,FALSE) -> 512992.26 | H7: =VLOOKUP(A7,Tabelle1!A:F,4,FALSE) -> 5443685.4 | I7: =VLOOKUP(A7,Tabelle1!A:F,5,FALSE) -> 9.1781502 | J7: =VLOOKUP(A7,Tabelle1!A:F,6,FALSE) -> 49.145856
A8: 01TS0827 | B8: 185.605 | C8: 630 | D8: 444.395 | E8: 500.0765 | F8: UW_BOEKI | G8: =VLOOKUP(A8,Tabelle1!A:F,3,FALSE) -> 512944.63 | H8: =VLOOKUP(A8,Tabelle1!A:F,4,FALSE) -> 5443928.3 | I8: =VLOOKUP(A8,Tabelle1!A:F,5,FALSE) -> 9.1775049 | J8: =VLOOKUP(A8,Tabelle1!A:F,6,FALSE) -> 49.148042
A9: 01TS0272 | B9: 38.6775 | C9: 400 | D9: 361.3225 | E9: 372.92575 | F9: UW_BOEKI | G9: =VLOOKUP(A9,Tabelle1!A:F,3,FALSE) -> 513672.09 | H9: =VLOOKUP(A9,Tabelle1!A:F,4,FALSE) -> 5441588.3 | I9: =VLOOKUP(A9,Tabelle1!A:F,5,FALSE) -> 9.1874008 | J9: =VLOOKUP(A9,Tabelle1!A:F,6,FALSE) -> 49.126978
A10: 01TS0333 | B10: 134.1225 | C10: 315 | D10: 180.8775 | E10: 221.11425 | F10: UW_BOEKI | G10: =VLOOKUP(A10,Tabelle1!A:F,3,FALSE) -> 513444.75 | H10: =VLOOKUP(A10,Tabelle1!A:F,4,FALSE) -> 5441815.1 | I10: =VLOOKUP(A10,Tabelle1!A:F,5,FALSE) -> 9.1842923 | J10: =VLOOKUP(A10,Tabelle1!A:F,6,FALSE) -> 49.129023
A11: 01TS0397 | B11: 68.9725 | C11: 1130 | D11: 1061.0275 | E11: 1081.7193 | F11: UW_BOEKI | G11: =VLOOKUP(A11,Tabelle1!A:F,3,FALSE) -> 513665.79 | H11: =VLOOKUP(A11,Tabelle1!A:F,4,FALSE) -> 5441972.6 | I11: =VLOOKUP(A11,Tabelle1!A:F,5,FALSE) -> 9.1873275 | J11: =VLOOKUP(A11,Tabelle1!A:F,6,FALSE) -> 49.130434
A12: 01TS0431 | B12: 33.1475 | C12: 400 | D12: 366.8525 | E12: 376.79675 | F12: UW_BOEKI | G12: =VLOOKUP(A12,Tabelle1!A:F,3,FALSE) -> 513460.44 | H12: =VLOOKUP(A12,Tabelle1!A:F,4,FALSE) -> 5441544.2 | I12: =VLOOKUP(A12,Tabelle1!A:F,5,FALSE) -> 9.1844983 | J12: =VLOOKUP(A12,Tabelle1!A:F,6,FALSE) -> 49.126586
A13: 01TS0609 | B13: 33.1475 | C13: 400 | D13: 366.8525 | E13: 376.79675 | F13: UW_BOEKI | G13: =VLOOKUP(A13,Tabelle1!A:F,3,FALSE) -> 514015.93 | H13: =VLOOKUP(A13,Tabelle1!A:F,4,FALSE) -> 5441828.1 | I13: =VLOOKUP(A13,Tabelle1!A:F,5,FALSE) -> 9.1921221 | J13: =VLOOKUP(A13,Tabelle1!A:F,6,FALSE) -> 49.129126
A14: 01TS0623 | B14: 52.9275 | C14: 250 | D14: 197.0725 | E14: 212.95075 | F14: UW_BOEKI | G14: =VLOOKUP(A14,Tabelle1!A:F,3,FALSE) -> 513371.41 | H14: =VLOOKUP(A14,Tabelle1!A:F,4,FALSE) -> 5442058.9 | I14: =VLOOKUP(A14,Tabelle1!A:F,5,FALSE) -> 9.1832951 | J14: =VLOOKUP(A14,Tabelle1!A:F,6,FALSE) -> 49.131217
A15: 01TSXXXX | B15: 109.415 | C15: #N/A | D15: #N/A | E15: #N/A | F15: #N/A | G15: =VLOOKUP(A15,Tabelle1!A:F,3,FALSE) -> #N/A | H15: =VLOOKUP(A15,Tabelle1!A:F,4,FALSE) -> #N/A | I15: =VLOOKUP(A15,Tabelle1!A:F,5,FALSE) -> #N/A | J15: =VLOOKUP(A15,Tabelle1!A:F,6,FALSE) -> #N/A
A16: 01TS0785 | B16: 155.338 | C16: 400 | D16: 244.662 | E16: 291.2634 | F16: UW_BHOXX | G16: =VLOOKUP(A16,Tabelle1!A:F,3,FALSE) -> 507542.72 | H16: =VLOOKUP(A16,Tabelle1!A:F,4,FALSE) -> 5447614.8 | I16: =VLOOKUP(A16,Tabelle1!A:F,5,FALSE) -> 9.1034998 | J16: =VLOOKUP(A16,Tabelle1!A:F,6,FALSE) -> 49.181293
A17: 05TS0022 | B17: 247.33333 | C17: 630 | D17: 382.66667 | E17: 456.86667 | F17: UW_GROGH | G17: =VLOOKUP(A17,Tabelle1!A:F,3,FALSE) -> 508693.23 | H17: =VLOOKUP(A17,Tabelle1!A:F,4,FALSE) -> 5443371.7 | I17: =VLOOKUP(A17,Tabelle1!A:F,5,FALSE) -> 9.1191952 | J17: =VLOOKUP(A17,Tabelle1!A:F,6,FALSE) -> 49.14311
A18: 05TS0015 | B18: 222.53833 | C18: 400 | D18: 177.46167 | E18: 244.22317 | F18: UW_GROGH | G18: =VLOOKUP(A18,Tabelle1!A:F,3,FALSE) -> 508240.4 | H18: =VLOOKUP(A18,Tabelle1!A:F,4,FALSE) -> 5443290.9 | I18: =VLOOKUP(A18,Tabelle1!A:F,5,FALSE) -> 9.1129847 | J18: =VLOOKUP(A18,Tabelle1!A:F,6,FALSE) -> 49.14239
A19: 05TS0057 | B19: 455.92833 | C19: 400 | D19: -55.928333 | E19: 80.850167 | F19: UW_GROGH | G19: =VLOOKUP(A19,Tabelle1!A:F,3,FALSE) -> 508419.8 | H19: =VLOOKUP(A19,Tabelle1!A:F,4,FALSE) -> 5443179.2 | I19: =VLOOKUP(A19,Tabelle1!A:F,5,FALSE) -> 9.1154421 | J19: =VLOOKUP(A19,Tabelle1!A:F,6,FALSE) -> 49.141383
A20: 05TS0061 | B20: 495.36 | C20: 630 | D20: 134.64 | E20: 283.248 | F20: UW_GROGH | G20: =VLOOKUP(A20,Tabelle1!A:F,3,FALSE) -> 509428.6 | H20: =VLOOKUP(A20,Tabelle1!A:F,4,FALSE) -> 5444028.1 | I20: =VLOOKUP(A20,Tabelle1!A:F,5,FALSE) -> 9.1292934 | J20: =VLOOKUP(A20,Tabelle1!A:F,6,FALSE) -> 49.149004
A21: 08TS0032 | B21: 151.856 | C21: 630 | D21: 478.144 | E21: 523.7008 | F21: UW_GROGH | G21: =VLOOKUP(A21,Tabelle1!A:F,3,FALSE) -> 514314.78 | H21: =VLOOKUP(A21,Tabelle1!A:F,4,FALSE) -> 5436635.9 | I21: =VLOOKUP(A21,Tabelle1!A:F,5,FALSE) -> 9.1960345 | J21: =VLOOKUP(A21,Tabelle1!A:F,6,FALSE) -> 49.082414
A22: 01TS0563 | B22: 198.7 | C22: 400 | D22: 201.3 | E22: 260.91 | F22: UW_BHOXX | G22: =VLOOKUP(A22,Tabelle1!A:F,3,FALSE) -> 508327.22 | H22: =VLOOKUP(A22,Tabelle1!A:F,4,FALSE) -> 5447413.3 | I22: =VLOOKUP(A22,Tabelle1!A:F,5,FALSE) -> 9.1142603 | J22: =VLOOKUP(A22,Tabelle1!A:F,6,FALSE) -> 49.179471
A23: 05TS0065 | B23: 245.015 | C23: 400 | D23: 154.985 | E23: 228.4895 | F23: UW_GROGH | G23: =VLOOKUP(A23,Tabelle1!A:F,3,FALSE) -> 509419.3 | H23: =VLOOKUP(A23,Tabelle1!A:F,4,FALSE) -> 5442764 | I23: =VLOOKUP(A23,Tabelle1!A:F,5,FALSE) -> 9.1291363 | J23: =VLOOKUP(A23,Tabelle1!A:F,6,FALSE) -> 49.137633
A24: 05TS0070 | B24: 73.48 | C24: 630 | D24: 556.52 | E24: 578.564 | F24: UW_GROGH | G24: =VLOOKUP(A24,Tabelle1!A:F,3,FALSE) -> 507103.9 | H24: =VLOOKUP(A24,Tabelle1!A:F,4,FALSE) -> 5443719.1 | I24: =VLOOKUP(A24,Tabelle1!A:F,5,FALSE) -> 9.0974096 | J24: =VLOOKUP(A24,Tabelle1!A:F,6,FALSE) -> 49.146256
A25: 06TS0009 | B25: 102.985 | C25: 400 | D25: 297.015 | E25: 327.9105 | F25: UW_UGRBH | G25: =VLOOKUP(A25,Tabelle1!A:F,3,FALSE) -> 521035.7 | H25: =VLOOKUP(A25,Tabelle1!A:F,4,FALSE) -> 5439125.9 | I25: =VLOOKUP(A25,Tabelle1!A:F,5,FALSE) -> 9.288203 | J25: =VLOOKUP(A25,Tabelle1!A:F,6,FALSE) -> 49.104619
A26: 06TS0027 | B26: 176.635 | C26: 400 | D26: 223.365 | E26: 276.3555 | F26: UW_UGRBH | G26: =VLOOKUP(A26,Tabelle1!A:F,3,FALSE) -> 520295.11 | H26: =VLOOKUP(A26,Tabelle1!A:F,4,FALSE) -> 5437727.8 | I26: =VLOOKUP(A26,Tabelle1!A:F,5,FALSE) -> 9.2779864 | J26: =VLOOKUP(A26,Tabelle1!A:F,6,FALSE) -> 49.092067
A27: 07TS0018 | B27: 255.31 | C27: 400 | D27: 144.69 | E27: 221.283 | F27: UW_UGRBH | G27: =VLOOKUP(A27,Tabelle1!A:F,3,FALSE) -> 514761.03 | H27: =VLOOKUP(A27,Tabelle1!A:F,4,FALSE) -> 5438631.8 | I27: =VLOOKUP(A27,Tabelle1!A:F,5,FALSE) -> 9.2022185 | J27: =VLOOKUP(A27,Tabelle1!A:F,6,FALSE) -> 49.100357
... A37: 01TS0613 | B37: 188.46933 | C37: 400 | D37: 211.53067 | E37: 268.07147 | F37: UW_BHOXX | G37: =VLOOKUP(A37,Tabelle1!A:F,3,FALSE) -> 514206.6 | H37: =VLOOKUP(A37,Tabelle1!A:F,4,FALSE) -> 5446373.7 | I37: =VLOOKUP(A37,Tabelle1!A:F,5,FALSE) -> 9.194896 | J37: =VLOOKUP(A37,Tabelle1!A:F,6,FALSE) -> 49.170011
A38: 06TS6013 | B38: 17.99 | C38: #N/A | D38: #N/A | E38: #N/A | F38: #N/A | G38: =VLOOKUP(A38,Tabelle1!A:F,3,FALSE) -> #N/A | H38: =VLOOKUP(A38,Tabelle1!A:F,4,FALSE) -> #N/A | I38: =VLOOKUP(A38,Tabelle1!A:F,5,FALSE) -> #N/A | J38: =VLOOKUP(A38,Tabelle1!A:F,6,FALSE) -> #N/A
A39: 03TS0024 | B39: 301.565 | C39: 400 | D39: 98.435 | E39: 188.9045 | F39: UW_LASTD | G39: =VLOOKUP(A39,Tabelle1!A:F,3,FALSE) -> 514028.07 | H39: =VLOOKUP(A39,Tabelle1!A:F,4,FALSE) -> 5432981.8 | I39: =VLOOKUP(A39,Tabelle1!A:F,5,FALSE) -> 9.1919815 | J39: =VLOOKUP(A39,Tabelle1!A:F,6,FALSE) -> 49.049551
A40: 01TS0887 | B40: 43 | C40: 400 | D40: 357 | E40: 369.9 | F40: UW_SONHN | G40: =VLOOKUP(A40,Tabelle1!A:F,3,FALSE) -> 515756 | H40: =VLOOKUP(A40,Tabelle1!A:F,4,FALSE) -> 5441997 | I40: =VLOOKUP(A40,Tabelle1!A:F,5,FALSE) -> 9.2159804 | J40: =VLOOKUP(A40,Tabelle1!A:F,6,FALSE) -> 49.130604
A41: 01TS0683 | B41: 99 | C41: 400 | D41: 301 | E41: 330.7 | F41: UW_SWPXX | G41: =VLOOKUP(A41,Tabelle1!A:F,3,FALSE) -> 515664.02 | H41: =VLOOKUP(A41,Tabelle1!A:F,4,FALSE) -> 5444757.5 | I41: =VLOOKUP(A41,Tabelle1!A:F,5,FALSE) -> 9.2148269 | J41: =VLOOKUP(A41,Tabelle1!A:F,6,FALSE) -> 49.155438
A42: 05TS0047 | B42: 577.652 | C42: 630 | D42: 52.348 | E42: 225.6436 | F42: UW_GROGH | G42: =VLOOKUP(A42,Tabelle1!A:F,3,FALSE) -> 507692.23 | H42: =VLOOKUP(A42,Tabelle1!A:F,4,FALSE) -> 5443264.5 | I42: =VLOOKUP(A42,Tabelle1!A:F,5,FALSE) -> 9.1054682 | J42: =VLOOKUP(A42,Tabelle1!A:F,6,FALSE) -> 49.14216
A43: 07TS0004 | B43: 158.157 | C43: 400 | D43: 241.843 | E43: 289.2901 | F43: UW_UGRBH | G43: =VLOOKUP(A43,Tabelle1!A:F,3,FALSE) -> 515423.34 | H43: =VLOOKUP(A43,Tabelle1!A:F,4,FALSE) -> 5438633.8 | I43: =VLOOKUP(A43,Tabelle1!A:F,5,FALSE) -> 9.2112918 | J43: =VLOOKUP(A43,Tabelle1!A:F,6,FALSE) -> 49.100359
A44: 01TS0723 | B44: 152.805 | C44: 630 | D44: 477.195 | E44: 523.0365 | F44: UW_BOEKI | G44: =VLOOKUP(A44,Tabelle1!A:F,3,FALSE) -> 511002.18 | H44: =VLOOKUP(A44,Tabelle1!A:F,4,FALSE) -> 5440756.9 | I44: =VLOOKUP(A44,Tabelle1!A:F,5,FALSE) -> 9.1507824 | J44: =VLOOKUP(A44,Tabelle1!A:F,6,FALSE) -> 49.119552
A45: 02TS0060 | B45: 254.855 | C45: 630 | D45: 375.145 | E45: 451.6015 | F45: UW_LAUFN | G45: =VLOOKUP(A45,Tabelle1!A:F,3,FALSE) -> 510868.48 | H45: =VLOOKUP(A45,Tabelle1!A:F,4,FALSE) -> 5435565 | I45: =VLOOKUP(A45,Tabelle1!A:F,5,FALSE) -> 9.1488104 | J45: =VLOOKUP(A45,Tabelle1!A:F,6,FALSE) -> 49.072851
A46: 01TS0021 | B46: 59.328 | C46: 800 | D46: 740.672 | E46: 758.4704 | F46: UW_SONHN | G46: =VLOOKUP(A46,Tabelle1!A:F,3,FALSE) -> 513821.24 | H46: =VLOOKUP(A46,Tabelle1!A:F,4,FALSE) -> 5440724 | I46: =VLOOKUP(A46,Tabelle1!A:F,5,FALSE) -> 9.1894156 | J46: =VLOOKUP(A46,Tabelle1!A:F,6,FALSE) -> 49.119199
A47: 01TS0131 | B47: 142.07967 | C47: 400 | D47: 257.92033 | E47: 300.54423 | F47: UW_SONHN | G47: =VLOOKUP(A47,Tabelle1!A:F,3,FALSE) -> 513454.15 | H47: =VLOOKUP(A47,Tabelle1!A:F,4,FALSE) -> 5440497.4 | I47: =VLOOKUP(A47,Tabelle1!A:F,5,FALSE) -> 9.1843772 | J47: =VLOOKUP(A47,Tabelle1!A:F,6,FALSE) -> 49.117169
A48: 01TS0286 | B48: 77.934667 | C48: #N/A | D48: #N/A | E48: #N/A | F48: #N/A | G48: =VLOOKUP(A48,Tabelle1!A:F,3,FALSE) -> #N/A | H48: =VLOOKUP(A48,Tabelle1!A:F,4,FALSE) -> #N/A | I48: =VLOOKUP(A48,Tabelle1!A:F,5,FALSE) -> #N/A | J48: =VLOOKUP(A48,Tabelle1!A:F,6,FALSE) -> #N/A
A49: 01TS0465 | B49: 73.689667 | C49: 250 | D49: 176.31033 | E49: 198.41723 | F49: UW_SONHN | G49: =VLOOKUP(A49,Tabelle1!A:F,3,FALSE) -> 513282.59 | H49: =VLOOKUP(A49,Tabelle1!A:F,4,FALSE) -> 5440556.9 | I49: =VLOOKUP(A49,Tabelle1!A:F,5,FALSE) -> 9.1820281 | J49: =VLOOKUP(A49,Tabelle1!A:F,6,FALSE) -> 49.117708
A50: 01TS0486 | B50: 5.616 | C50: 1260 | D50: 1254.384 | E50: 1256.0688 | F50: UW_BHOXX | G50: =VLOOKUP(A50,Tabelle1!A:F,3,FALSE) -> 511783.11 | H50: =VLOOKUP(A50,Tabelle1!A:F,4,FALSE) -> 5447980.8 | I50: =VLOOKUP(A50,Tabelle1!A:F,5,FALSE) -> 9.1616961 | J50: =VLOOKUP(A50,Tabelle1!A:F,6,FALSE) -> 49.184519
A51: 01TS0380 | B51: 181.852 | C51: 500 | D51: 318.148 | E51: 372.7036 | F51: UW_SONHN | G51: =VLOOKUP(A51,Tabelle1!A:F,3,FALSE) -> 514340.51 | H51: =VLOOKUP(A51,Tabelle1!A:F,4,FALSE) -> 5440545.6 | I51: =VLOOKUP(A51,Tabelle1!A:F,5,FALSE) -> 9.1965256 | J51: =VLOOKUP(A51,Tabelle1!A:F,6,FALSE) -> 49.117582
A52: 01TS0772 | B52: 61.445 | C52: 630 | D52: 568.555 | E52: 586.9885 | F52: UW_ROMER | G52: =VLOOKUP(A52,Tabelle1!A:F,3,FALSE) -> 512797.68 | H52: =VLOOKUP(A52,Tabelle1!A:F,4,FALSE) -> 5444740.3 | I52: =VLOOKUP(A52,Tabelle1!A:F,5,FALSE) -> 9.1755156 | J52: =VLOOKUP(A52,Tabelle1!A:F,6,FALSE) -> 49.15535
A53: 07TS0025 | B53: 178.195 | C53: 400 | D53: 221.805 | E53: 275.2635 | F53: UW_UGRBH | G53: =VLOOKUP(A53,Tabelle1!A:F,3,FALSE) -> 515988.32 | H53: =VLOOKUP(A53,Tabelle1!A:F,4,FALSE) -> 5438633.2 | I53: =VLOOKUP(A53,Tabelle1!A:F,5,FALSE) -> 9.2190317 | J53: =VLOOKUP(A53,Tabelle1!A:F,6,FALSE) -> 49.100339
A54: 01TS0095 | B54: 55.432333 | C54: 500 | D54: 444.56767 | E54: 461.19737 | F54: UW_SONHN | G54: =VLOOKUP(A54,Tabelle1!A:F,3,FALSE) -> 515316.09 | H54: =VLOOKUP(A54,Tabelle1!A:F,4,FALSE) -> 5441683.9 | I54: =VLOOKUP(A54,Tabelle1!A:F,5,FALSE) -> 9.2099383 | J54: =VLOOKUP(A54,Tabelle1!A:F,6,FALSE) -> 49.127798
A55: 01TS0103 | B55: 70.752333 | C55: 500 | D55: 429.24767 | E55: 450.47337 | F55: UW_SONHN | G55: =VLOOKUP(A55,Tabelle1!A:F,3,FALSE) -> 515357.33 | H55: =VLOOKUP(A55,Tabelle1!A:F,4,FALSE) -> 5441937.5 | I55: =VLOOKUP(A55,Tabelle1!A:F,5,FALSE) -> 9.2105133 | J55: =VLOOKUP(A55,Tabelle1!A:F,6,FALSE) -> 49.130079
A56: 01TS0304 | B56: 53.592333 | C56: 500 | D56: 446.40767 | E56: 462.48537 | F56: UW_SONHN | G56: =VLOOKUP(A56,Tabelle1!A:F,3,FALSE) -> 514967.02 | H56: =VLOOKUP(A56,Tabelle1!A:F,4,FALSE) -> 5442009 | I56: =VLOOKUP(A56,Tabelle1!A:F,5,FALSE) -> 9.2051657 | J56: =VLOOKUP(A56,Tabelle1!A:F,6,FALSE) -> 49.130732
A57: 01TS0374 | B57: 54.832333 | C57: 400 | D57: 345.16767 | E57: 361.61737 | F57: UW_SONHN | G57: =VLOOKUP(A57,Tabelle1!A:F,3,FALSE) -> 515340.1 | H57: =VLOOKUP(A57,Tabelle1!A:F,4,FALSE) -> 5441805.9 | I57: =VLOOKUP(A57,Tabelle1!A:F,5,FALSE) -> 9.2102721 | J57: =VLOOKUP(A57,Tabelle1!A:F,6,FALSE) -> 49.128895
A58: 01TS0498 | B58: 76.592333 | C58: 400 | D58: 323.40767 | E58: 346.38537 | F58: UW_SONHN | G58: =VLOOKUP(A58,Tabelle1!A:F,3,FALSE) -> 515151.34 | H58: =VLOOKUP(A58,Tabelle1!A:F,4,FALSE) -> 5441868.4 | I58: =VLOOKUP(A58,Tabelle1!A:F,5,FALSE) -> 9.207687 | J58: =VLOOKUP(A58,Tabelle1!A:F,6,FALSE) -> 49.129462
A59: 01TS0822 | B59: 51.832333 | C59: 630 | D59: 578.16767 | E59: 593.71737 | F59: UW_SONHN | G59: =VLOOKUP(A59,Tabelle1!A:F,3,FALSE) -> 514938 | H59: =VLOOKUP(A59,Tabelle1!A:F,4,FALSE) -> 5441530.3 | I59: =VLOOKUP(A59,Tabelle1!A:F,5,FALSE) -> 9.2047502 | J59: =VLOOKUP(A59,Tabelle1!A:F,6,FALSE) -> 49.126426
A60: 01TS0853 | B60: 16.835 | C60: 1600 | D60: 1583.165 | E60: 1588.2155 | F60: UW_KETER | G60: =VLOOKUP(A60,Tabelle1!A:F,3,FALSE) -> 515960.7 | H60: =VLOOKUP(A60,Tabelle1!A:F,4,FALSE) -> 5443278 | I60: =VLOOKUP(A60,Tabelle1!A:F,5,FALSE) -> 9.2188371 | J60: =VLOOKUP(A60,Tabelle1!A:F,6,FALSE) -> 49.142121
A61: 06TS0039 | B61: 270.157 | C61: 400 | D61: 129.843 | E61: 210.8901 | F61: UW_UGRBH | G61: =VLOOKUP(A61,Tabelle1!A:F,3,FALSE) -> 519177.9 | H61: =VLOOKUP(A61,Tabelle1!A:F,4,FALSE) -> 5438896.2 | I61: =VLOOKUP(A61,Tabelle1!A:F,5,FALSE) -> 9.2627393 | J61: =VLOOKUP(A61,Tabelle1!A:F,6,FALSE) -> 49.102614
A62: 01TS0583 | B62: 18.5 | C62: #N/A | D62: #N/A | E62: #N/A | F62: #N/A | G62: =VLOOKUP(A62,Tabelle1!A:F,3,FALSE) -> 510936.26 | H62: =VLOOKUP(A62,Tabelle1!A:F,4,FALSE) -> 5449605.4 | I62: =VLOOKUP(A62,Tabelle1!A:F,5,FALSE) -> 9.1501193 | J62: =VLOOKUP(A62,Tabelle1!A:F,6,FALSE) -> 49.199149
A63: 01TS0551 | B63: 245.355 | C63: 500 | D63: 254.645 | E63: 328.2515 | F63: UW_ROMER | G63: =VLOOKUP(A63,Tabelle1!A:F,3,FALSE) -> 513027.67 | H63: =VLOOKUP(A63,Tabelle1!A:F,4,FALSE) -> 5445669.1 | I63: =VLOOKUP(A63,Tabelle1!A:F,5,FALSE) -> 9.1786999 | J63: =VLOOKUP(A63,Tabelle1!A:F,6,FALSE) -> 49.163699
A64: 01TS0495 | B64: 149.114 | C64: 1000 | D64: 850.886 | E64: 895.6202 | F64: UW_BHOXX | G64: =VLOOKUP(A64,Tabelle1!A:F,3,FALSE) -> 513374.32 | H64: =VLOOKUP(A64,Tabelle1!A:F,4,FALSE) -> 5447811.5 | I64: =VLOOKUP(A64,Tabelle1!A:F,5,FALSE) -> 9.1835261 | J64: =VLOOKUP(A64,Tabelle1!A:F,6,FALSE) -> 49.182963
A65: 07TS0001 | B65: 270.695 | C65: 630 | D65: 359.305 | E65: 440.5135 | F65: UW_UGRBH | G65: =VLOOKUP(A65,Tabelle1!A:F,3,FALSE) -> 515618.24 | H65: =VLOOKUP(A65,Tabelle1!A:F,4,FALSE) -> 5438801.3 | I65: =VLOOKUP(A65,Tabelle1!A:F,5,FALSE) -> 9.2139683 | J65: =VLOOKUP(A65,Tabelle1!A:F,6,FALSE) -> 49.101861
A66: 01TS0440 | B66: 217.17 | C66: 400 | D66: 182.83 | E66: 247.981 | F66: UW_SONHN | G66: =VLOOKUP(A66,Tabelle1!A:F,3,FALSE) -> 514722.85 | H66: =VLOOKUP(A66,Tabelle1!A:F,4,FALSE) -> 5441555.6 | I66: =VLOOKUP(A66,Tabelle1!A:F,5,FALSE) -> 9.2018021 | J66: =VLOOKUP(A66,Tabelle1!A:F,6,FALSE) -> 49.126659
A67: 01TS0312 | B67: 99.995 | C67: 315 | D67: 215.005 | E67: 245.0035 | F67: UW_BOEKI | G67: =VLOOKUP(A67,Tabelle1!A:F,3,FALSE) -> 511008.74 | H67: =VLOOKUP(A67,Tabelle1!A:F,4,FALSE) -> 5440612.6 | I67: =VLOOKUP(A67,Tabelle1!A:F,5,FALSE) -> 9.1508683 | J67: =VLOOKUP(A67,Tabelle1!A:F,6,FALSE) -> 49.118254
A68: 02TS0063 | B68: 754.905 | C68: 400 | D68: -354.905 | E68: -128.4335 | F68: UW_LAUFN | G68: =VLOOKUP(A68,Tabelle1!A:F,3,FALSE) -> 510054.95 | H68: =VLOOKUP(A68,Tabelle1!A:F,4,FALSE) -> 5434636.8 | I68: =VLOOKUP(A68,Tabelle1!A:F,5,FALSE) -> 9.1376485 | J68: =VLOOKUP(A68,Tabelle1!A:F,6,FALSE) -> 49.064515
A69: 05TS5026 | B69: 20.03 | C69: #N/A | D69: #N/A | E69: #N/A | F69: #N/A | G69: =VLOOKUP(A69,Tabelle1!A:F,3,FALSE) -> #N/A | H69: =VLOOKUP(A69,Tabelle1!A:F,4,FALSE) -> #N/A | I69: =VLOOKUP(A69,Tabelle1!A:F,5,FALSE) -> #N/A | J69: =VLOOKUP(A69,Tabelle1!A:F,6,FALSE) -> #N/A
A70: 01TS0641 | B70: 201.76 | C70: 400 | D70: 198.24 | E70: 258.768 | F70: UW_BHOXX | G70: =VLOOKUP(A70,Tabelle1!A:F,3,FALSE) -> 510010.19 | H70: =VLOOKUP(A70,Tabelle1!A:F,4,FALSE) -> 5448975.5 | I70: =VLOOKUP(A70,Tabelle1!A:F,5,FALSE) -> 9.1373917 | J70: =VLOOKUP(A70,Tabelle1!A:F,6,FALSE) -> 49.193498
A71: 02TS0009 | B71: 643.287 | C71: 715 | D71: 71.713 | E71: 264.6991 | F71: UW_LAUFN | G71: =VLOOKUP(A71,Tabelle1!A:F,3,FALSE) -> 510771.71 | H71: =VLOOKUP(A71,Tabelle1!A:F,4,FALSE) -> 5435365.4 | I71: =VLOOKUP(A71,Tabelle1!A:F,5,FALSE) -> 9.1474801 | J71: =VLOOKUP(A71,Tabelle1!A:F,6,FALSE) -> 49.071057
A72: 01TS0320 | B72: 173.962 | C72: 315 | D72: 141.038 | E72: 193.2266 | F72: UW_SONHN | G72: =VLOOKUP(A72,Tabelle1!A:F,3,FALSE) -> 513902.26 | H72: =VLOOKUP(A72,Tabelle1!A:F,4,FALSE) -> 5440466.3 | I72: =VLOOKUP(A72,Tabelle1!A:F,5,FALSE) -> 9.1905171 | J72: =VLOOKUP(A72,Tabelle1!A:F,6,FALSE) -> 49.11688
A73: 03TS0006 | B73: 53.47 | C73: 400 | D73: 346.53 | E73: 362.571 | F73: UW_LASTD | G73: =VLOOKUP(A73,Tabelle1!A:F,3,FALSE) -> 513875.2 | H73: =VLOOKUP(A73,Tabelle1!A:F,4,FALSE) -> 5432348.8 | I73: =VLOOKUP(A73,Tabelle1!A:F,5,FALSE) -> 9.1898677 | J73: =VLOOKUP(A73,Tabelle1!A:F,6,FALSE) -> 49.043859
A74: 01TS0153 | B74: 205.4575 | C74: 315 | D74: 109.5425 | E74: 171.17975 | F74: UW_ROMER | G74: =VLOOKUP(A74,Tabelle1!A:F,3,FALSE) -> 513500.18 | H74: =VLOOKUP(A74,Tabelle1!A:F,4,FALSE) -> 5443712.3 | I74: =VLOOKUP(A74,Tabelle1!A:F,5,FALSE) -> 9.1851157 | J74: =VLOOKUP(A74,Tabelle1!A:F,6,FALSE) -> 49.146087
A75: 01TS0180 | B75: 380.0775 | C75: 800 | D75: 419.9225 | E75: 533.94575 | F75: UW_ROMER | G75: =VLOOKUP(A75,Tabelle1!A:F,3,FALSE) -> 513597.64 | H75: =VLOOKUP(A75,Tabelle1!A:F,4,FALSE) -> 5444120.2 | I75: =VLOOKUP(A75,Tabelle1!A:F,5,FALSE) -> 9.1864658 | J75: =VLOOKUP(A75,Tabelle1!A:F,6,FALSE) -> 49.149754
A76: 08TS0037 | B76: 349.334 | C76: 315 | D76: -34.334 | E76: 70.4662 | F76: UW_GROGH | G76: =VLOOKUP(A76,Tabelle1!A:F,3,FALSE) -> 514152.85 | H76: =VLOOKUP(A76,Tabelle1!A:F,4,FALSE) -> 5436103 | I76: =VLOOKUP(A76,Tabelle1!A:F,5,FALSE) -> 9.1937983 | J76: =VLOOKUP(A76,Tabelle1!A:F,6,FALSE) -> 49.077624
A77: 01TS0842 | B77: 164.335 | C77: 1600 | D77: 1435.665 | E77: 1484.9655 | F77: UW_BADHN | G77: =VLOOKUP(A77,Tabelle1!A:F,3,FALSE) -> 515318.55 | H77: =VLOOKUP(A77,Tabelle1!A:F,4,FALSE) -> 5443840.1 | I77: =VLOOKUP(A77,Tabelle1!A:F,5,FALSE) -> 9.210054 | J77: =VLOOKUP(A77,Tabelle1!A:F,6,FALSE) -> 49.147194
A78: 06TS0048 | B78: 23.73 | C78: #N/A | D78: #N/A | E78: #N/A | F78: UW_UGRBH | G78: =VLOOKUP(A78,Tabelle1!A:F,3,FALSE) -> 520524.7 | H78: =VLOOKUP(A78,Tabelle1!A:F,4,FALSE) -> 5438193.1 | I78: =VLOOKUP(A78,Tabelle1!A:F,5,FALSE) -> 9.2811547 | J78: =VLOOKUP(A78,Tabelle1!A:F,6,FALSE) -> 49.096246
A79: 01TS0838 | B79: 96.31 | C79: 630 | D79: 533.69 | E79: 562.583 | F79: UW_KETER | G79: =VLOOKUP(A79,Tabelle1!A:F,3,FALSE) -> 516794.69 | H79: =VLOOKUP(A79,Tabelle1!A:F,4,FALSE) -> 5443315.2 | I79: =VLOOKUP(A79,Tabelle1!A:F,5,FALSE) -> 9.2302734 | J79: =VLOOKUP(A79,Tabelle1!A:F,6,FALSE) -> 49.142434
A80: 01TS0832 | B80: 299.7 | C80: 630 | D80: 330.3 | E80: 420.21 | F80: UW_BHOXX | G80: =VLOOKUP(A80,Tabelle1!A:F,3,FALSE) -> #N/A | H80: =VLOOKUP(A80,Tabelle1!A:F,4,FALSE) -> #N/A | I80: =VLOOKUP(A80,Tabelle1!A:F,5,FALSE) -> #N/A | J80: =VLOOKUP(A80,Tabelle1!A:F,6,FALSE) -> #N/A
A81: 02TS0089 | B81: 999.92 | C81: #N/A | D81: #N/A | E81: #N/A | F81: UW_LAUFN | G81: =VLOOKUP(A81,Tabelle1!A:F,3,FALSE) -> #N/A | H81: =VLOOKUP(A81,Tabelle1!A:F,4,FALSE) -> #N/A | I81: =VLOOKUP(A81,Tabelle1!A:F,5,FALSE) -> #N/A | J81: =VLOOKUP(A81,Tabelle1!A:F,6,FALSE) -> #N/A
A82: 04TS0033 | B82: 133.795 | C82: 630 | D82: 496.205 | E82: 536.3435 | F82: UW_LAUFN | G82: =VLOOKUP(A82,Tabelle1!A:F,3,FALSE) -> 510723.06 | H82: =VLOOKUP(A82,Tabelle1!A:F,4,FALSE) -> 5431462.3 | I82: =VLOOKUP(A82,Tabelle1!A:F,5,FALSE) -> 9.1467106 | J82: =VLOOKUP(A82,Tabelle1!A:F,6,FALSE) -> 49.035948
A83: 01TS0178 | B83: 76.755 | C83: 630 | D83: 553.245 | E83: 576.2715 | F83: UW_KETER | G83: =VLOOKUP(A83,Tabelle1!A:F,3,FALSE) -> #N/A | H83: =VLOOKUP(A83,Tabelle1!A:F,4,FALSE) -> #N/A | I83: =VLOOKUP(A83,Tabelle1!A:F,5,FALSE) -> #N/A | J83: =VLOOKUP(A83,Tabelle1!A:F,6,FALSE) -> #N/A
A84: 05TS0009 | B84: 334.25 | C84: 400 | D84: 65.75 | E84: 166.025 | F84: UW_GROGH | G84: =VLOOKUP(A84,Tabelle1!A:F,3,FALSE) -> 509694.19 | H84: =VLOOKUP(A84,Tabelle1!A:F,4,FALSE) -> 5443197.8 | I84: =VLOOKUP(A84,Tabelle1!A:F,5,FALSE) -> 9.1329154 | J84: =VLOOKUP(A84,Tabelle1!A:F,6,FALSE) -> 49.141531
A85: 06TS0036 | B85: 200.24 | C85: 1030 | D85: 829.76 | E85: 889.832 | F85: UW_UGRBH | G85: =VLOOKUP(A85,Tabelle1!A:F,3,FALSE) -> 523395.14 | H85: =VLOOKUP(A85,Tabelle1!A:F,4,FALSE) -> 5437402.6 | I85: =VLOOKUP(A85,Tabelle1!A:F,5,FALSE) -> 9.3204286 | J85: =VLOOKUP(A85,Tabelle1!A:F,6,FALSE) -> 49.089033
A86: 06TS0002 | B86: 276.48 | C86: 630 | D86: 353.52 | E86: 436.464 | F86: UW_UGRBH | G86: =VLOOKUP(A86,Tabelle1!A:F,3,FALSE) -> 523192.94 | H86: =VLOOKUP(A86,Tabelle1!A:F,4,FALSE) -> 5436950.9 | I86: =VLOOKUP(A86,Tabelle1!A:F,5,FALSE) -> 9.3176334 | J86: =VLOOKUP(A86,Tabelle1!A:F,6,FALSE) -> 49.084977
A87: 01TS0636 | B87: 164.26 | C87: 400 | D87: 235.74 | E87: 285.018 | F87: UW_BHOXX | G87: =VLOOKUP(A87,Tabelle1!A:F,3,FALSE) -> 509952.6 | H87: =VLOOKUP(A87,Tabelle1!A:F,4,FALSE) -> 5449273.3 | I87: =VLOOKUP(A87,Tabelle1!A:F,5,FALSE) -> 9.1366087 | J87: =VLOOKUP(A87,Tabelle1!A:F,6,FALSE) -> 49.196178
A88: 05TS0045 | B88: 392.707 | C88: 400 | D88: 7.293 | E88: 125.1051 | F88: UW_GROGH | G88: =VLOOKUP(A88,Tabelle1!A:F,3,FALSE) -> 507815.61 | H88: =VLOOKUP(A88,Tabelle1!A:F,4,FALSE) -> 5443409.8 | I88: =VLOOKUP(A88,Tabelle1!A:F,5,FALSE) -> 9.1071627 | J88: =VLOOKUP(A88,Tabelle1!A:F,6,FALSE) -> 49.143465
A89: 01TS0584 | B89: 356.278 | C89: 400 | D89: 43.722 | E89: 150.6054 | F89: UW_BHOXX | G89: =VLOOKUP(A89,Tabelle1!A:F,3,FALSE) -> 511058.3 | H89: =VLOOKUP(A89,Tabelle1!A:F,4,FALSE) -> 5449753.2 | I89: =VLOOKUP(A89,Tabelle1!A:F,5,FALSE) -> 9.1517986 | J89: =VLOOKUP(A89,Tabelle1!A:F,6,FALSE) -> 49.200475
A90: 05TS0024 | B90: 157.13 | C90: 630 | D90: 472.87 | E90: 520.009 | F90: UW_GROGH | G90: =VLOOKUP(A90,Tabelle1!A:F,3,FALSE) -> 508048.44 | H90: =VLOOKUP(A90,Tabelle1!A:F,4,FALSE) -> 5443561.3 | I90: =VLOOKUP(A90,Tabelle1!A:F,5,FALSE) -> 9.1103581 | J90: =VLOOKUP(A90,Tabelle1!A:F,6,FALSE) -> 49.144824
A91: 08TS0022 | B91: 98.365 | C91: 400 | D91: 301.635 | E91: 331.1445 | F91: UW_UGRBH | G91: =VLOOKUP(A91,Tabelle1!A:F,3,FALSE) -> 514579.05 | H91: =VLOOKUP(A91,Tabelle1!A:F,4,FALSE) -> 5437352.5 | I91: =VLOOKUP(A91,Tabelle1!A:F,5,FALSE) -> 9.1996793 | J91: =VLOOKUP(A91,Tabelle1!A:F,6,FALSE) -> 49.088853
A92: 01TS0378 | B92: 48.61 | C92: 400 | D92: 351.39 | E92: 365.973 | F92: UW_SONHN | G92: =VLOOKUP(A92,Tabelle1!A:F,3,FALSE) -> 514286.32 | H92: =VLOOKUP(A92,Tabelle1!A:F,4,FALSE) -> 5441066.7 | I92: =VLOOKUP(A92,Tabelle1!A:F,5,FALSE) -> 9.1958015 | J92: =VLOOKUP(A92,Tabelle1!A:F,6,FALSE) -> 49.122272
A93: 06TS0005 | B93: 306.635 | C93: 400 | D93: 93.365 | E93: 185.3555 | F93: UW_UGRBH | G93: =VLOOKUP(A93,Tabelle1!A:F,3,FALSE) -> 523706.84 | H93: =VLOOKUP(A93,Tabelle1!A:F,4,FALSE) -> 5438205.5 | I93: =VLOOKUP(A93,Tabelle1!A:F,5,FALSE) -> 9.3247448 | J93: =VLOOKUP(A93,Tabelle1!A:F,6,FALSE) -> 49.096243
... A113: 02TS0011 | B113: 236.89 | C113: 400 | D113: 163.11 | E113: 234.177 | F113: UW_LAUFN | G113: =VLOOKUP(A113,Tabelle1!A:F,3,FALSE) -> 509844.68 | H113: =VLOOKUP(A113,Tabelle1!A:F,4,FALSE) -> 5434932 | I113: =VLOOKUP(A113,Tabelle1!A:F,5,FALSE) -> 9.1347772 | J113: =VLOOKUP(A113,Tabelle1!A:F,6,FALSE) -> 49.067174
A114: 03TS3017 | B114: 19.96 | C114: #N/A | D114: #N/A | E114: #N/A | F114: #N/A | G114: =VLOOKUP(A114,Tabelle1!A:F,3,FALSE) -> #N/A | H114: =VLOOKUP(A114,Tabelle1!A:F,4,FALSE) -> #N/A | I114: =VLOOKUP(A114,Tabelle1!A:F,5,FALSE) -> #N/A | J114: =VLOOKUP(A114,Tabelle1!A:F,6,FALSE) -> #N/A
A115: 03TS0028 | B115: 468.46 | C115: 630 | D115: 161.54 | E115: 302.078 | F115: UW_LASTD | G115: =VLOOKUP(A115,Tabelle1!A:F,3,FALSE) -> 514062.5 | H115: =VLOOKUP(A115,Tabelle1!A:F,4,FALSE) -> 5433191.4 | I115: =VLOOKUP(A115,Tabelle1!A:F,5,FALSE) -> 9.1924599 | J115: =VLOOKUP(A115,Tabelle1!A:F,6,FALSE) -> 49.051435
A116: 07TS0019 | B116: 185.339 | C116: 630 | D116: 444.661 | E116: 500.2627 | F116: UW_UGRBH | G116: =VLOOKUP(A116,Tabelle1!A:F,3,FALSE) -> 515930.56 | H116: =VLOOKUP(A116,Tabelle1!A:F,4,FALSE) -> 5438423.7 | I116: =VLOOKUP(A116,Tabelle1!A:F,5,FALSE) -> 9.2182322 | J116: =VLOOKUP(A116,Tabelle1!A:F,6,FALSE) -> 49.098456
A117: 01TS0654 | B117: 320.825 | C117: 400 | D117: 79.175 | E117: 175.4225 | F117: UW_BOEKI | G117: =VLOOKUP(A117,Tabelle1!A:F,3,FALSE) -> 510984.59 | H117: =VLOOKUP(A117,Tabelle1!A:F,4,FALSE) -> 5441249.9 | I117: =VLOOKUP(A117,Tabelle1!A:F,5,FALSE) -> 9.1505547 | J117: =VLOOKUP(A117,Tabelle1!A:F,6,FALSE) -> 49.123987
A118: 01TS0587 | B118: 156.84 | C118: 630 | D118: 473.16 | E118: 520.212 | F118: UW_BHOXX | G118: =VLOOKUP(A118,Tabelle1!A:F,3,FALSE) -> 510900.41 | H118: =VLOOKUP(A118,Tabelle1!A:F,4,FALSE) -> 5448555.5 | I118: =VLOOKUP(A118,Tabelle1!A:F,5,FALSE) -> 9.1495987 | J118: =VLOOKUP(A118,Tabelle1!A:F,6,FALSE) -> 49.189705
A119: 01TS0147 | B119: 205.075 | C119: 630 | D119: 424.925 | E119: 486.4475 | F119: UW_ROMER | G119: =VLOOKUP(A119,Tabelle1!A:F,3,FALSE) -> 513469.58 | H119: =VLOOKUP(A119,Tabelle1!A:F,4,FALSE) -> 5444406.9 | I119: =VLOOKUP(A119,Tabelle1!A:F,5,FALSE) -> 9.1847193 | J119: =VLOOKUP(A119,Tabelle1!A:F,6,FALSE) -> 49.152336
A120: 01TS0546 | B120: 216.76 | C120: 400 | D120: 183.24 | E120: 248.268 | F120: UW_ROMER | G120: =VLOOKUP(A120,Tabelle1!A:F,3,FALSE) -> 512413.05 | H120: =VLOOKUP(A120,Tabelle1!A:F,4,FALSE) -> 5445609.9 | I120: =VLOOKUP(A120,Tabelle1!A:F,5,FALSE) -> 9.1702674 | J120: =VLOOKUP(A120,Tabelle1!A:F,6,FALSE) -> 49.16318
A121: 01TS0640 | B121: 239.48 | C121: 400 | D121: 160.52 | E121: 232.364 | F121: UW_BHOXX | G121: =VLOOKUP(A121,Tabelle1!A:F,3,FALSE) -> 510058.15 | H121: =VLOOKUP(A121,Tabelle1!A:F,4,FALSE) -> 5449168.9 | I121: =VLOOKUP(A121,Tabelle1!A:F,5,FALSE) -> 9.1380548 | J121: =VLOOKUP(A121,Tabelle1!A:F,6,FALSE) -> 49.195237
A122: 06TS0040 | B122: 58.865 | C122: 630 | D122: 571.135 | E122: 588.7945 | F122: UW_UGRBH | G122: =VLOOKUP(A122,Tabelle1!A:F,3,FALSE) -> 523554.8 | H122: =VLOOKUP(A122,Tabelle1!A:F,4,FALSE) -> 5437376.7 | I122: =VLOOKUP(A122,Tabelle1!A:F,5,FALSE) -> 9.3226139 | J122: =VLOOKUP(A122,Tabelle1!A:F,6,FALSE) -> 49.088793
A123: 06TS0014 | B123: 123.725 | C123: 400 | D123: 276.275 | E123: 313.3925 | F123: UW_UGRBH | G123: =VLOOKUP(A123,Tabelle1!A:F,3,FALSE) -> 520733.74 | H123: =VLOOKUP(A123,Tabelle1!A:F,4,FALSE) -> 5437078.8 | I123: =VLOOKUP(A123,Tabelle1!A:F,5,FALSE) -> 9.283961 | J123: =VLOOKUP(A123,Tabelle1!A:F,6,FALSE) -> 49.086215
A124: 06TS0041 | B124: 152.905 | C124: 630 | D124: 477.095 | E124: 522.9665 | F124: UW_UGRBH | G124: =VLOOKUP(A124,Tabelle1!A:F,3,FALSE) -> 520169.77 | H124: =VLOOKUP(A124,Tabelle1!A:F,4,FALSE) -> 5437178.9 | I124: =VLOOKUP(A124,Tabelle1!A:F,5,FALSE) -> 9.2762422 | J124: =VLOOKUP(A124,Tabelle1!A:F,6,FALSE) -> 49.087134
A125: 01TS0708 | B125: 337.52 | C125: 630 | D125: 292.48 | E125: 393.736 | F125: UW_SONHN | G125: =VLOOKUP(A125,Tabelle1!A:F,3,FALSE) -> 512412.42 | H125: =VLOOKUP(A125,Tabelle1!A:F,4,FALSE) -> 5440500.9 | I125: =VLOOKUP(A125,Tabelle1!A:F,5,FALSE) -> 9.1701014 | J125: =VLOOKUP(A125,Tabelle1!A:F,6,FALSE) -> 49.117222
A126: 02TS0056 | B126: 257.18 | C126: 400 | D126: 142.82 | E126: 219.974 | F126: UW_LASTD | G126: =VLOOKUP(A126,Tabelle1!A:F,3,FALSE) -> 512318.97 | H126: =VLOOKUP(A126,Tabelle1!A:F,4,FALSE) -> 5435790.1 | I126: =VLOOKUP(A126,Tabelle1!A:F,5,FALSE) -> 9.1686771 | J126: =VLOOKUP(A126,Tabelle1!A:F,6,FALSE) -> 49.074848
... A145: 01TS0531 | B145: 230.6 | C145: 400 | D145: 169.4 | E145: 238.58 | F145: UW_SONHN | G145: =VLOOKUP(A145,Tabelle1!A:F,3,FALSE) -> 512718.76 | H145: =VLOOKUP(A145,Tabelle1!A:F,4,FALSE) -> 5440319.3 | I145: =VLOOKUP(A145,Tabelle1!A:F,5,FALSE) -> 9.1742938 | J145: =VLOOKUP(A145,Tabelle1!A:F,6,FALSE) -> 49.115582
A146: 08TS8022 | B146: 45.29 | C146: #N/A | D146: #N/A | E146: #N/A | F146: #N/A | G146: =VLOOKUP(A146,Tabelle1!A:F,3,FALSE) -> #N/A | H146: =VLOOKUP(A146,Tabelle1!A:F,4,FALSE) -> #N/A | I146: =VLOOKUP(A146,Tabelle1!A:F,5,FALSE) -> #N/A | J146: =VLOOKUP(A146,Tabelle1!A:F,6,FALSE) -> #N/A
...

Sheet Kapa Umspannwerke
A1: UW | B1: Verfügbare Einspeisekapazität in MW
A2: SWPXX | B2: 77.1
A3: BADHN | B3: 80
A4: BHOFE | B4: 78.8
A5: BOEKI | B5: 50
A6: KETER | B6: 80
A7: ROMER | B7: 48.6
A8: SONHN | B8: 60
A9: LAUFN | B9: 76.7
A10: LASTD | B10: 53.3
A11: UGRBH | B11: 0
A12: GROGH | B12: 0

Sheet Tabelle1
B1: Stationsnummer | C1: X-Koordinate | D1: Y-Koordinate | E1: Breitengrad | F1: Längengrad
A2: 01TS0038 | B2: 01TS0038 | C2: 514803.7 | D2: 5442436.6 | E2: 9.2029427 | F2: 49.134582
A3: 01TS0039 | B3: 01TS0039 | C3: 514188.06 | D3: 5441390 | E3: 9.1944661 | F3: 49.125182
A4: 01TS0010 | B4: 01TS0010 | C4: 514336.99 | D4: 5440958.3 | E4: 9.1964921 | F4: 49.121295
A5: 01TS0100 | B5: 01TS0100 | C5: 514755.45 | D5: 5446226.6 | E5: 9.2024201 | F5: 49.168675
A6: 01TS0101 | B6: 01TS0101 | C6: 514975.09 | D6: 5443124 | E6: 9.2053178 | F6: 49.140761
A7: 01TS0103 | B7: 01TS0103 | C7: 515357.33 | D7: 5441937.5 | E7: 9.2105133 | F7: 49.130079
A8: 01TS0105 | B8: 01TS0105 | C8: 517315.03 | D8: 5442913.9 | E8: 9.2373905 | F8: 49.13881
A9: 01TS0108 | B9: 01TS0108 | C9: 517745.65 | D9: 5442560.2 | E9: 9.2432787 | F9: 49.135616
A10: 01TS0111 | B10: 01TS0111 | C10: 515476.42 | D10: 5444297 | E10: 9.2122363 | F10: 49.1513
A11: 01TS0112 | B11: 01TS0112 | C11: 515538.34 | D11: 5444407.8 | E11: 9.2130897 | F11: 49.152295
A12: 01TS0113 | B12: 01TS0113 | C12: 515418.99 | D12: 5444506.1 | E12: 9.2114568 | F12: 49.153183
A13: 01TS0114 | B13: 01TS0114 | C13: 515530.84 | D13: 5444538 | E13: 9.2129919 | F13: 49.153467
... A1074: 02TS0087 | B1074: 02TS0087_In den Herrenäckern 11 | C1074: 511395.9 | D1074: 5435044.6 | E1074: 9.1560171 | F1074: 49.06816

Sheet Tabelle3
A1: Name | C1: Abgang
C2: ElmFeeder
A3: SS2B_UW_BADHN_01TS0104 | B3: 01TS0104 | C3: UW_BADHN_110KV_ROM - BAD | D3: UW_BADHN
A4: SS2B_SW_RATXX_01TS0833 | B4: 01TS0833 | C4: UW_BADHN_110KV_ROM - BAD | D4: UW_BADHN
A5: SS2A_UW_BADHN_01TS0104 | B5: 01TS0104 | C5: UW_BADHN_110KV_ROM - BAD | D5: UW_BADHN
A6: SS2A_SW_RATXX_01TS0833 | B6: 01TS0833 | C6: UW_BADHN_110KV_ROM - BAD | D6: UW_BADHN
A7: SS1B_UW_BADHN_01TS0104 | B7: 01TS0104 | C7: UW_BADHN_110KV_ROM - BAD | D7: UW_BADHN
A8: SS1A_UW_BADHN_01TS0104 | B8: 01TS0104 | C8: UW_BADHN_110KV_ROM - BAD | D8: UW_BADHN
A9: BB_01TS0955 | B9: 01TS0955 | C9: UW_BADHN_110KV_ROM - BAD | D9: UW_BADHN
A10: BB_01TS0934 | B10: 01TS0934 | C10: UW_BADHN_110KV_ROM - BAD | D10: UW_BADHN
A11: BB_01TS0930 | B11: 01TS0930 | C11: UW_BADHN_110KV_ROM - BAD | D11: UW_BADHN
A12: BB_01TS0927 | B12: 01TS0927 | C12: UW_BADHN_110KV_ROM - BAD | D12: UW_BADHN
A13: BB_01TS0926 | B13: 01TS0926 | C13: UW_BADHN_110KV_ROM - BAD | D13: UW_BADHN
A14: BB_01TS0925 | B14: 01TS0925 | C14: UW_BADHN_110KV_ROM - BAD | D14: UW_BADHN
... A908: BBA_01TS0349 | B908: 01TS0349 | C908: UW_SWPXX_110KV_HNN-SWP | D908: UW_SWPXX
A909: SS2B_UW_SONHN_01TS0649 | B909: 01TS0649
A910: SS2B_UW_ROMER_01TS0755 | B910: 01TS0755
A911: SS2B_UW_LAUFN_02TS0051 | B911: 02TS0051
A912: SS2B_UW_LASTD_02TS0001 | B912: 02TS0001
A913: SS2B_UW_BOEKI_01TS0160 | B913: 01TS0160
A914: SS2A_UW_SONHN_01TS0649 | B914: 01TS0649
A915: SS2A_UW_ROMER_01TS0755 | B915: 01TS0755
A916: SS2A_UW_LAUFN_02TS0051 | B916: 02TS0051
A917: SS2A_UW_LASTD_02TS0001 | B917: 02TS0001
A918: SS2A_UW_BOEKI_01TS0160 | B918: 01TS0160
A919: SS2A_SW_WANXX_01TS0178 | B919: 01TS0178
A920: BB_02TS0026 | B920: 02TS0026
... A924: BBA_01TS0692 | B924: 01TS0692
A925: Name | C925: Abgang
C926: ElmFeeder
A927: BB_05TS0001 | B927: 05TS0001 | C927: UW_GROGH_J09_Talheim Ost | D927: UW_GROGH
A928: BB_05TS0002 | B928: 05TS0002 | C928: UW_GROGH_J09_Talheim Ost | D928: UW_GROGH
A929: BB_05TS0003 | B929: 05TS0003 | C929: UW_GROGH_J03_Schluchtern | D929: UW_GROGH
A930: BB_05TS0004 | B930: 05TS0004 | C930: UW_GROGH_J03_Schluchtern | D930: UW_GROGH
A931: BB_05TS0006 | B931: 05TS0006 | C931: UW_GROGH_J06_Leingarten | D931: UW_GROGH
A932: BB_05TS0008 | B932: 05TS0008 | C932: UW_GROGH_J03_Schluchtern | D932: UW_GROGH
A933: BB_05TS0009 | B933: 05TS0009 | C933: UW_GROGH_J09_Talheim Ost | D933: UW_GROGH
A934: BB_05TS0010 | B934: 05TS0010 | C934: UW_GROGH_J03_Schluchtern | D934: UW_GROGH
A935: BB_05TS0011 | B935: 05TS0011 | C935: UW_GROGH_J09_Talheim Ost | D935: UW_GROGH
A936: BB_05TS0012 | B936: 05TS0012 | C936: UW_GROGH_J06_Leingarten | D936: UW_GROGH
A937: BB_05TS0013 | B937: 05TS0013 | C937: UW_GROGH_J10_Talheim West | D937: UW_GROGH
A938: BB_05TS0014 | B938: 05TS0014 | C938: UW_GROGH_J06_Leingarten | D938: UW_GROGH
... A952: BB_05TS0030 | B952: 05TS0030 | C952: UW_GROGH_J03_Schluchtern | D952: UW_GROGH
A953: BB_05TS0030 | B953: 05TS0030
A954: BB_05TS0031 | B954: 05TS0031 | C954: UW_GROGH_J03_Schluchtern | D954: UW_GROGH
A955: BB_05TS0032 | B955: 05TS0032 | C955: UW_GROGH_J03_Schluchtern | D955: UW_GROGH
A956: BB_05TS0033 | B956: 05TS0033 | C956: UW_GROGH_J10_Talheim West | D956: UW_GROGH
A957: BB_05TS0034 | B957: 05TS0034 | C957: UW_GROGH_J06_Leingarten | D957: UW_GROGH
A958: BB_05TS0035 | B958: 05TS0035 | C958: UW_GROGH_J10_Talheim West | D958: UW_GROGH
A959: BB_05TS0036 | B959: 05TS0036 | C959: UW_GROGH_J10_Talheim West | D959: UW_GROGH
A960: BB_05TS0037 | B960: 05TS0037 | C960: UW_GROGH_J10_Talheim West | D960: UW_GROGH
A961: BB_05TS0038 | B961: 05TS0038 | C961: UW_GROGH_J06_Leingarten | D961: UW_GROGH
A962: BB_05TS0039 | B962: 05TS0039 | C962: UW_GROGH_J10_Talheim West | D962: UW_GROGH
A963: BB_05TS0040 | B963: 05TS0040 | C963: UW_GROGH_J10_Talheim West | D963: UW_GROGH
A964: BB_05TS0041 | B964: 05TS0041 | C964: UW_GROGH_J10_Talheim West | D964: UW_GROGH
A965: BB_05TS0042 | B965: 05TS0042 | C965: UW_GROGH_J10_Talheim West | D965: UW_GROGH
... A993: BB_05TS0072 | B993: 05TS0072 | C993: UW_GROGH_J02_Sandgrube | D993: UW_GROGH
A994: BB_05TS0072 | B994: 05TS0072
A995: BB_05TS0073 | B995: 05TS0073 | C995: UW_GROGH_J06_Leingarten | D995: UW_GROGH
A996: BB_05TS0074 | B996: 05TS0074 | C996: UW_GROGH_J02_Sandgrube | D996: UW_GROGH
A997: BB_05TS0075 | B997: 05TS0075 | C997: UW_GROGH_J02_Sandgrube | D997: UW_GROGH
A998: BB_05TS0076 | B998: 05TS0076 | C998: UW_GROGH_J03_Schluchtern | D998: UW_GROGH
A999: BB_05TS0077 | B999: 05TS0077 | C999: UW_GROGH_J06_Leingarten | D999: UW_GROGH
A1000: BB_05TS0078 | B1000: 05TS0078 | C1000: UW_GROGH_J06_Leingarten | D1000: UW_GROGH
A1001: BB_05TS0079 | B1001: 05TS0079 | C1001: UW_GROGH_J03_Schluchtern | D1001: UW_GROGH
A1002: BB_05TS0081 | B1002: 05TS0081 | C1002: UW_GROGH_J02_Sandgrube | D1002: UW_GROGH
A1003: BB_05TS0082 | B1003: 05TS0082 | C1003: UW_GROGH_J09_Talheim Ost | D1003: UW_GROGH
A1004: BB_06TS0001 | B1004: 06TS0001 | C1004: UW_UGRBH_J06_Untergruppenbach | D1004: UW_UGRBH
A1005: BB_06TS0002 | B1005: 06TS0002 | C1005: UW_UGRBH_J06_Untergruppenbach | D1005: UW_UGRBH
A1006: BB_06TS0003 | B1006: 06TS0003 | C1006: UW_UGRBH_J08_Donnbronn | D1006: UW_UGRBH
... A1051: BB_07TS0004 | B1051: 07TS0004 | C1051: UW_UGRBH_J16_Flein | D1051: UW_UGRBH
A1052: BB_07TS0004 | B1052: 07TS0004
A1053: BB_07TS0005 | B1053: 07TS0005 | C1053: UW_GROGH_J14_Flein | D1053: UW_GROGH
A1054: BB_07TS0006 | B1054: 07TS0006 | C1054: UW_GROGH_J14_Flein | D1054: UW_GROGH
A1055: BB_07TS0007 | B1055: 07TS0007 | C1055: UW_UGRBH_J16_Flein | D1055: UW_UGRBH
A1056: BB_07TS0008 | B1056: 07TS0008 | C1056: UW_UGRBH_J16_Flein | D1056: UW_UGRBH
A1057: BB_07TS0009 | B1057: 07TS0009 | C1057: UW_UGRBH_J16_Flein | D1057: UW_UGRBH
A1058: BB_07TS0010 | B1058: 07TS0010 | C1058: UW_UGRBH_J16_Flein | D1058: UW_UGRBH
A1059: BB_07TS0011 | B1059: 07TS0011 | C1059: UW_UGRBH_J16_Flein | D1059: UW_UGRBH
A1060: BB_07TS0013 | B1060: 07TS0013 | C1060: UW_GROGH_J14_Flein | D1060: UW_GROGH
A1061: BB_07TS0014 | B1061: 07TS0014 | C1061: UW_GROGH_J14_Flein | D1061: UW_GROGH
A1062: BB_07TS0015 | B1062: 07TS0015 | C1062: UW_GROGH_J14_Flein | D1062: UW_GROGH
A1063: BB_07TS0016 | B1063: 07TS0016 | C1063: UW_GROGH_J14_Flein | D1063: UW_GROGH
A1064: BB_07TS0017 | B1064: 07TS0017 | C1064: UW_GROGH_J14_Flein | D1064: UW_GROGH
... A1118: BB_08TS0047 | B1118: 08TS0047 | C1118: UW_GROGH_J15_Horkheim | D1118: UW_GROGH
A1119: SS1AA_UW_GROGH_SÜNA | B1119: OGH_SÜNA
A1120: SS1A_UW_UGRBH_SÜNA | B1120: RBH_SÜNA
A1121: SS2AA_UW_GROGH_SÜNA | B1121: OGH_SÜNA
A1122: SS2AB_UW_GROGH_SÜNA | B1122: OGH_SÜNA
A1123: SS2A_UW_UGRBH_SÜNA | B1123: RBH_SÜNA
